utterance_id,source,brand,language,url,utterance_text,opportunity_area,temporal_stance,severity,hesitation_marker,labeller_note
a29f27804f0c1ecd596ff1dcd4ebd4213fd1cf24,appstore,ajio,en,https://apps.apple.com/in/app/id1113425372,I will order five dress but I received only one one dress,,,,,
20b6e2e868ca2acac6fc6e5c3c6c79c6467c42af,appstore,ajio,en,https://apps.apple.com/in/app/id1113425372,Horrible return policy and terrible customer experience,,,,,
26eb7909b546b491fe3284a21cb22b31411d6db1,appstore,ajio,en,https://apps.apple.com/in/app/id1113425372,What rubbish thing is this,,,,,
af3e63b8e4cf77d06081073e46a8d899de209a3b,appstore,ajio,en,https://apps.apple.com/in/app/id1113425372,My 2000 rs stucked in Ajio wallet.,,,,,
eafb5cccca16ffa92dea5ad8fb811d503c799291,appstore,ajio,en,https://apps.apple.com/in/app/id1113425372,REFUND EXTRA DELAY.,,,,,
d32f43d116c0e53c8945e56b7690dc70100fc4ce,appstore,ajio,en,https://apps.apple.com/in/app/id1113425372,Worst cheap products.,,,,,
2b138b163a44de991760a37c33288b26809413d6,appstore,ajio,en,https://apps.apple.com/in/app/id1113425372,"Their customer care team has just one standard line: ""We regret the issue caused on our end, but we cannot refund the full amount""—that is the only thing they say",,,,,
2a886732cdf80ba872c1050e61fc6c86c51a14fd,appstore,ajio,en,https://apps.apple.com/in/app/id1113425372,Never opens when i click on sony headphones.,,,,,
00a1471782817fa2a1c529a75357b325efa02ef8,appstore,ajio,en,https://apps.apple.com/in/app/id1113425372,"Don’t ever buy from this pathetic app, they show something and deliver something and return refund takes forever",,,,,
50a50f481776d6be90a4c56ae3c0451a98b5264d,appstore,ajio,en,https://apps.apple.com/in/app/id1113425372,"Surprisingly, even after waiting for 2 days, the order was not delivered.",,,,,
65d1b53cc915f8e7cd8ea99b16a554dcc375492b,appstore,ajio,en,https://apps.apple.com/in/app/id1113425372,"I've wasted hours following up, but there has been **no proper response, no accountability, and no refund**.",,,,,
c0f795986c0025c13395025ff6fd039d02698dc3,appstore,ajio,en,https://apps.apple.com/in/app/id1113425372,"In my case, one product cannot be cancelled through the app, and even the Customer Care team is unable to cancel it or provide a proper solution.",,,,,
f80ac27d6fa80d3b533d996e108f182b79ce0c5e,appstore,ajio,en,https://apps.apple.com/in/app/id1113425372,I hope no other customer has to face a similar experience,,,,,
45512c13258426cf505da483b1a9860901cb1437,appstore,ajio,en,https://apps.apple.com/in/app/id1113425372,Good. Nice Collection,,,,,
15d3340e708397ab00a782eeb6b73b2eee923b76,appstore,ajio,en,https://apps.apple.com/in/app/id1113425372,3. There is a bbs sale going on and i applied luxe20.,,,,,
98e8023d9be88335a98ff523eff48a6c374833b9,appstore,ajio,en,https://apps.apple.com/in/app/id1113425372,Excellent. Superb thanks to AJIO 🫡,,,,,
ce5a049ed51525febd3e082b3551b43e46144102,appstore,myntra,en,https://apps.apple.com/in/app/id907394059,Shopping. Best app for shopping,,,,,
fbc3d1c69a0ceaec513363a7ed0ec9fa8f1445eb,appstore,myntra,hinglish,https://apps.apple.com/in/app/id907394059,Myntra se achha to messo or flipcart h,,,,,
06f1e892b475ec9c7ef6b3f16d56914039fd88f0,appstore,myntra,en,https://apps.apple.com/in/app/id907394059,Excellent App. Excellent,,,,,
91eddd5cf029bed7881b01a4d0005cf252444c72,appstore,myntra,en,https://apps.apple.com/in/app/id907394059,10 out of 10,,,,,
9b1c1d7ed0298d02f81de2563428d8eab903da95,appstore,myntra,en,https://apps.apple.com/in/app/id907394059,Taking customers’ money and refusing to take responsibility is unacceptable.,,,,,
124704e5aa15e37acddbb85f10310f8d04b1d8bc,appstore,myntra,en,https://apps.apple.com/in/app/id907394059,"Their callback service fails to connect, customer care lines are perpetually busy, and no one has initiated the pickup or processed my refund. This is not merely about the cost of the jeans; it is a breach of consumer trust.",,,,,
eb752b4a11b7ede630bb77e1e288070103252f25,appstore,myntra,en,https://apps.apple.com/in/app/id907394059,Blessed to Have Myntra App.,,,,,
3a4939723736ce195e090597b1335062cd9587f2,appstore,myntra,en,https://apps.apple.com/in/app/id907394059,Fabulous Shopping App.,,,,,
8df52f862d6f9ac68c687cdfe4fd5978192eeffa,appstore,myntra,en,https://apps.apple.com/in/app/id907394059,"Even before today, there was no proper delivery attempt made for my order.",,,,,
30b9f9acb8f7efe8cb806c586ca15d1138cc7bc6,appstore,myntra,en,https://apps.apple.com/in/app/id907394059,No matter what if the customer have received a damaged product it’s the sole liability of myntra to conform with the effective support.,,,,,
6cfe5f3db0ee44da2c6fa1e0688cb3c9995596fe,appstore,myntra,en,https://apps.apple.com/in/app/id907394059,Awesome. Wonderful user experience and search,,,,,
d1a6b3733b6d71fa39383c9b843176689e3661f7,appstore,myntra,en,https://apps.apple.com/in/app/id907394059,myntra never disappointed me❤️,,,,,
06bdc8fe671df4b57606a89b91be7b4218b5884b,appstore,myntra,en,https://apps.apple.com/in/app/id907394059,Gud quality. Awesome products,,,,,
9e487755f452699e6e3c5603226c0f442f825800,appstore,myntra,en,https://apps.apple.com/in/app/id907394059,Been using for years now so good,,,,,
0bdec50db6b90d2193095b5b2c645939286e9ae6,appstore,myntra,en,https://apps.apple.com/in/app/id907394059,Shopping. Good and trustworthy online shopping site,,,,,
856361626746121ca67cb09606fceebd650c8ab3,appstore,myntra,en,https://apps.apple.com/in/app/id907394059,Easy shopping experience.,,,,,
c5b0685c9d352e601703dec7da709e70ea38e8eb,appstore,nykaa_fashion,en,https://apps.apple.com/in/app/id1439872423,Not gonna trust these people with my,,,,,
102b74cd62deeb50eefd9a5d9e58ee48bf78aeda,appstore,nykaa_fashion,en,https://apps.apple.com/in/app/id1439872423,I kept responding that I’m home and available,,,,,
3893499434bb0dceedbc8074a3b3a9b3366a26a4,appstore,nykaa_fashion,en,https://apps.apple.com/in/app/id1439872423,"I also tried reaching out through the Nykaa Fashion portal multiple times, but no resolution or help has been provided from their end.",,,,,
ca48539d1f9512e857ef6c7f5bc70975aacd318c,appstore,nykaa_fashion,en,https://apps.apple.com/in/app/id1439872423,"When I tried to return an item, I received zero assistance.",,,,,
3fbdb6e779c999d5aafb76156e613741b413f9bc,appstore,nykaa_fashion,en,https://apps.apple.com/in/app/id1439872423,"I ordered four kurta set on 2 July and delivery date was 7th July 2026 and today 18 July and still I am waiting for my order and the amount of order already paid and I contact to Nykaa Fashion customer team, they just do time pass job, no one take responsibility for my order.",,,,,
71c9263abac6a6d2c36c21ec29b1cc8bcb9b8f52,appstore,nykaa_fashion,en,https://apps.apple.com/in/app/id1439872423,Really love this application very much and collections seeding is very easy,,,,,
fcf27ef4d39546b8f5b53b36a7c3803fefd54168,appstore,nykaa_fashion,en,https://apps.apple.com/in/app/id1439872423,Would not recommend Nykaa Fashion,,,,,
e8175b34a561e44de78c12c6bb5a21ae0a3f9bbb,appstore,nykaa_fashion,en,https://apps.apple.com/in/app/id1439872423,My clothes are still lying here at home waiting to be picked up and these guys have no shame to even bother with it.,,,,,
a9a12cece8619d78a5989bc16f43ed981df3c56a,appstore,nykaa_fashion,en,https://apps.apple.com/in/app/id1439872423,Incredibly disappointing customer service.,,,,,
5b144a2fe77da4986be5435e79bbbcfd7e34c181,appstore,nykaa_fashion,en,https://apps.apple.com/in/app/id1439872423,"If the product doesn’t reach the customer, good quality becomes irrelevant.",,,,,
2c2da65c70daf38d4621ff6b12712c7e631fe691,appstore,nykaa_fashion,en,https://apps.apple.com/in/app/id1439872423,I never received the product apparently went missing and the worst customer service I have ever seen.,,,,,
69bfc97ac09c9c05048b5c021853d8dca469e73f,appstore,nykaa_fashion,en,https://apps.apple.com/in/app/id1439872423,I am not blaming the person who assisted but the response they gave,,,,,
a2db834d9211a50608e67b7147b66bf4d10fde88,appstore,nykaa_fashion,en,https://apps.apple.com/in/app/id1439872423,Never happened in other online shopping apps!,,,,,
1de7ed7257ac9b57e2e3f6896189177e46ac9484,appstore,nykaa_fashion,en,https://apps.apple.com/in/app/id1439872423,I did some shopping for 2400+ and applied this coupon it gave me discount of 200rs and the amount I had to pay was 2200+ so I clicked Proceed to payment and I choose google pay and it ask me for permission to open then I paid as soon as I paid the amount I realised I paid the actual amount that's 2400+ not the one it showed me before Proceed to payment that's 2200+.,,,,,
a79f794d6abe1d05499305ed1d060cb53e547463,appstore,nykaa_fashion,en,https://apps.apple.com/in/app/id1439872423,just shut down the app.,,,,,
11ab591377e530950588d782db51762bc3a727f9,appstore,nykaa_fashion,en,https://apps.apple.com/in/app/id1439872423,One of the worst shopping experiences I’ve had,,,,,
940eb59b55e92c1d5b66a06df67d5e77f6131d0d,play,ajio,en,https://play.google.com/store/apps/details?id=com.ril.ajio&reviewId=903ca2c9-7552-48b2-8084-18f96e56f058,"When I contacted customer support to initiate a return, they flatly refused, claiming their system shows the ""correct item was sent.""",,,,,
956162eb1923a9ed403879abfa24784253951f44,play,ajio,en,https://play.google.com/store/apps/details?id=com.ril.ajio&reviewId=d7c98454-74fe-4b13-a520-89ef3a11f777,delivery worst pickup very very worst,,,,,
87417f457e0dc997aa96603366567882064b5ed5,play,ajio,en,https://play.google.com/store/apps/details?id=com.ril.ajio&reviewId=84f3832d-874a-4f2f-93f2-a274bceb6629,but you rate is every product,,,,,
405169114046ef08317a96c3b31c62a05b9c52a7,play,ajio,en,https://play.google.com/store/apps/details?id=com.ril.ajio&reviewId=d3aefaae-8423-43dc-8675-db2613b2121f,Dont prepay your purchases.,,,,,
4a76cf96732d4a9878a7530518ff383bf403bb6f,play,ajio,en,https://play.google.com/store/apps/details?id=com.ril.ajio&reviewId=b003537e-3d02-4398-938a-2d58a051089b,This is the second time my order got auto cancelled after Waiting for so long.,,,,,
5637010e5c148f2915c72b481509672f091f7c1f,play,ajio,en,https://play.google.com/store/apps/details?id=com.ril.ajio&reviewId=22e2a4bc-63de-4aad-b568-7a6ff2340e90,Customer support only gave generic responses instead of resolving the issue. This kind of service is unacceptable and has completely broken my trust in AJIO.,,,,,
747ed1ce674478222ac7ef0fd5c97ea95b2411da,play,ajio,en,https://play.google.com/store/apps/details?id=com.ril.ajio&reviewId=e76f4980-3b94-4927-8dfe-90bb7c9411fa,very bad app 😡😡😡 uninstall this app,,,,,
3ec37faeddc648af55e3ba6412a15bd4a1a78d29,play,ajio,en,https://play.google.com/store/apps/details?id=com.ril.ajio&reviewId=8ac5d20d-4b3b-43ad-ae6f-a25db30bd318,thank you so much Jio,,,,,
f629d3b6a1558ff3dea857eb01ad01cd914c0618,play,ajio,en,https://play.google.com/store/apps/details?id=com.ril.ajio&reviewId=0c93892a-3185-4241-96f9-14b924a048cf,worst application ever,,,,,
2a6e39cfbfa7a6032748969797e86dc1bf768971,play,ajio,en,https://play.google.com/store/apps/details?id=com.ril.ajio&reviewId=43366543-fe57-4b7a-aad6-4deac93311b0,"I’ve already raised 2 complaints, but your customer support has absolutely no information or solution.",,,,,
aed727930dd0d91a85023e00ef372f5d02b02249,play,ajio,hinglish,https://play.google.com/store/apps/details?id=com.ril.ajio&reviewId=68b07395-08bd-4bb3-870b-2a6952241221,abhi tak maine jo bhi kharida hai uski quality achhi nikli hai.,,,,,
37f66164a72a132c1e5e97a866ee5c63a885d0ac,play,ajio,en,https://play.google.com/store/apps/details?id=com.ril.ajio&reviewId=269aac02-4b50-4d9b-a1b5-6fb394081497,Very frustrated with the feedback of their customer care.,,,,,
7a54b08d8a6b9dfc8cd5d05d71d3b9ffae4affec,play,ajio,hinglish,https://play.google.com/store/apps/details?id=com.ril.ajio&reviewId=1e613923-4833-47f1-9a62-816d7d320fe9,Kya Faltu app Hai,,,,,
9d0c07840725007bfaf1b343e6528b2066a00104,play,ajio,en,https://play.google.com/store/apps/details?id=com.ril.ajio&reviewId=a6e1e7b8-f2d2-4efb-8047-555ec2fd644f,Worst Delivery Partners.,,,,,
5d129396ad20ab090339dc58e5ee068c952453a3,play,ajio,en,https://play.google.com/store/apps/details?id=com.ril.ajio&reviewId=316105ff-e68f-453d-aaad-c4436a4563c5,uninstalling this worst shopping platform They have the poorest and worstest logistics partners like Xpressbees...they will definitely loose their business in upcoming days as their logistics partners and their employees are too much pathetic to deliver their goods... uninstalling this waste app untill their greviance handling and logistics got improves,,,,,
e3fa876d1be474d215828ab95c85974e3d759467,play,ajio,en,https://play.google.com/store/apps/details?id=com.ril.ajio&reviewId=5df257b5-608b-414b-8e76-655b8ee1ee21,fraud do not buy anything from Ajio i bought dress without dupatta and wrong size when I tried to contact customer support they denied to help delhivery is the pathetic courier partner they have not delivering product on time you need to chase lot Ajio always send incomplete wrong product and denied to take return back it's fraud company do not waste your hard earned money bogus customer support Team all over pathetic company not deserve one star as well,,,,,
7971de728c5a896633d79d9d62e50f2d8bfe405b,play,myntra,en,https://play.google.com/store/apps/details?id=com.myntra.android&reviewId=4e295513-8559-49de-9614-b92e230839cd,good as compared with other e commerce apps,,,,,
597d95c3ce8e87d84ca746886607ee422959df2b,play,myntra,en,https://play.google.com/store/apps/details?id=com.myntra.android&reviewId=8b5e9c40-7057-46d1-bf18-2a7441ef674d,Myntra even tried to closed this case without my knowledge without solving and taking my money.,,,,,
d67fa3c377f7d1c90522308e0a5726024b89668a,play,myntra,en,https://play.google.com/store/apps/details?id=com.myntra.android&reviewId=8cc0d720-5fe0-45eb-9906-6629037484af,Even one star feels generous.,,,,,
6ebe8f08879be9e68e11882f3365fe70844b9aa1,play,myntra,en,https://play.google.com/store/apps/details?id=com.myntra.android&reviewId=eee02356-c15a-4aa1-87d0-6c5fa47a1e8e,wow wow wow,,,,,
19b8a3c0fa4260eb6c9035756c73af0854e3f0f6,play,myntra,en,https://play.google.com/store/apps/details?id=com.myntra.android&reviewId=dc7b8cab-80be-489e-aca1-e0219d10a357,The available tags are attached.Very unprofessional approach.,,,,,
72476c22813d0414bc8af9d641228a483675fcfe,play,myntra,en,https://play.google.com/store/apps/details?id=com.myntra.android&reviewId=dedb7fb1-4b6f-4bac-a2c1-51865a001530,Amazing app yaar superb ❣️😍👍,,,,,
9ae58e2592e93784a291ec05488a1583d02dbeb4,play,myntra,en,https://play.google.com/store/apps/details?id=com.myntra.android&reviewId=3c821606-1b75-4888-badf-0ce41371e25c,"After keeping me waiting for over two weeks following nominal delivery attempts, my orders were abruptly cancelled without any notification. This lack of communication and irresponsible handling is completely unacceptable.",,,,,
b1b9d41f9907d3a73ca99c86c2e3516c56cbcac6,play,myntra,en,https://play.google.com/store/apps/details?id=com.myntra.android&reviewId=4cd0bdf3-c8d3-469b-9f22-5eb6f114d597,authentic and genuine products,,,,,
98de91168e5e5b21414e2b78324b9eecbcf9ac8b,play,myntra,en,https://play.google.com/store/apps/details?id=com.myntra.android&reviewId=b8c8962c-e914-4720-8950-7a799f969795,excellent qualities of top are there,,,,,
64a7cf329e22c0f3ce6ae99c58d88e2a9c1e2561,play,myntra,en,https://play.google.com/store/apps/details?id=com.myntra.android&reviewId=63d2218a-a9db-4085-bda8-73dade059b70,Best shopping app,,,,,
cdb23c2b93c2987472cddd93a598218779bb7486,play,myntra,en,https://play.google.com/store/apps/details?id=com.myntra.android&reviewId=2fe811a3-8aa8-4702-b8cd-fd84c0ab5887,excellent product 👌 it will not break easily,,,,,
11fa2b7e5b1f5969da7257429fd0746568daf1c3,play,myntra,en,https://play.google.com/store/apps/details?id=com.myntra.android&reviewId=d1b734a4-6233-408a-aeea-c3c822de5ff3,Really myntra is just awesome,,,,,
db0b5cccb0a7023c20648139fc4786abc76737cc,play,myntra,en,https://play.google.com/store/apps/details?id=com.myntra.android&reviewId=a841efc0-9b6d-4296-8a2b-e7276355bdb0,security purpose...mail karo ...mail kia to jabab vi nehi deta...what a disgusting service 😡😡😡,,,,,
0bf44194d0dc85de6e77694b34ba2f451600de33,play,myntra,en,https://play.google.com/store/apps/details?id=com.myntra.android&reviewId=bb345ec3-edef-4dec-afb7-a1c78159a810,order karo Jo different product delivered hota hai every time,,,,,
c2bcfa5d7a9119596302ceeea5d9c27d59e1a7b7,play,myntra,en,https://play.google.com/store/apps/details?id=com.myntra.android&reviewId=49324b8d-4d8c-481d-a79c-54f57ddd375a,good quality product,,,,,
dc370d397ff5baecc0667c5090f8800b0d9950fd,play,myntra,en,https://play.google.com/store/apps/details?id=com.myntra.android&reviewId=bc7425e6-204f-4ab4-8867-d71ab868f7aa,pathetic customer service. cheat delivery partner,,,,,
168bc4428038f7559e4344ce3abb02b44adcc53c,play,urbanic,hinglish,https://play.google.com/store/apps/details?id=com.urbanic&reviewId=63b95bc0-886d-4423-b23d-bc591d1c3514,bht hi ghatia aap h 3300 ki dress mangai return dali to 5 din tk koi response nhi na koi lene aaya 7 din m return window b bnd ho gyi or mere paise waste ho gye q k na to dress ki quality achi thi na fitting koi b is ghatia app se kuch b na le bht hi cheap service h worst app I have ever used so don't buy anything from this cheapest app.,,,,,
36f864be2b0f67d951ae50f6319e19f857e8c63c,play,urbanic,en,https://play.google.com/store/apps/details?id=com.urbanic&reviewId=651b8b99-32d2-478f-b6e6-331756b55b1e,⭐ 1 Star Very disappointing return service.,,,,,
de941d69e581c84aa80c97bad099a46e9be61107,play,urbanic,en,https://play.google.com/store/apps/details?id=com.urbanic&reviewId=6f09b960-45c9-4e70-9dfe-82c773e475e0,Please work on the quality of your products.,,,,,
7e0f6d61a35f551f34acd10bcb1ef725e6f689d2,play,urbanic,en,https://play.google.com/store/apps/details?id=com.urbanic&reviewId=651b8b99-32d2-478f-b6e6-331756b55b1e,"I ordered a dress, but it didn’t fit, so I requested a return.",,,,,
708a5902f0e625c87ca065918b64b42a11c68961,play,urbanic,en,https://play.google.com/store/apps/details?id=com.urbanic&reviewId=651b8b99-32d2-478f-b6e6-331756b55b1e,"I contacted Urbanic by email and followed their instruction to use app chat, but got no response.",,,,,
d39e5348800c6d5f7ebd4f81e16a47c707e50f93,play,urbanic,en,https://play.google.com/store/apps/details?id=com.urbanic&reviewId=015055ca-9eab-48b9-85e2-1796d2fb0e4e,OG clothes are better in urbanic old collection was superb,,,,,
c47f30ce3bb94644d6933ae2bbab7fa1a0c81a41,play,urbanic,en,https://play.google.com/store/apps/details?id=com.urbanic&reviewId=cd70597d-cd7c-41a6-a685-f2523b6f5053,Looking at the past experiences the quality is also promising of the products.,,,,,
e043685e3a571e6ee60f8cd1b701cd61436bb8ed,play,urbanic,en,https://play.google.com/store/apps/details?id=com.urbanic&reviewId=6f09b960-45c9-4e70-9dfe-82c773e475e0,The product shown on the app and the product delivered are completely different in terms of quality. It ends up with buyer questioning value for money.,,,,,
2f6cacd8fb71be30efb9dc538f0031945d36c00e,play,urbanic,en,https://play.google.com/store/apps/details?id=com.urbanic&reviewId=651b8b99-32d2-478f-b6e6-331756b55b1e,"The delivery agent repeatedly marked “couldn’t reach me,” but I never received even a single call.",,,,,
e9467267ab26752251c8fb92f22597c9cf0df92a,play,urbanic,en,https://play.google.com/store/apps/details?id=com.urbanic&reviewId=651b8b99-32d2-478f-b6e6-331756b55b1e,"My first return was cancelled, and the same thing happened again with my second request.",,,,,
8669b1c364806d9692dede53e42754fccd1776c2,play,urbanic,en,https://play.google.com/store/apps/details?id=com.urbanic&reviewId=6f09b960-45c9-4e70-9dfe-82c773e475e0,"The designs are great on Urbanic, but the quality of the product leaves a lot to be desired.",,,,,
4dcb9452ff8c5adee30cbcc50c273341cd45ade4,play,urbanic,en,https://play.google.com/store/apps/details?id=com.urbanic&reviewId=cd70597d-cd7c-41a6-a685-f2523b6f5053,This platform offers unique designs of the outfits especially one piece dresses.,,,,,
76b37000a9f8d5c2b4dd8aa339aeee572d606898,play,urbanic,en,https://play.google.com/store/apps/details?id=com.urbanic&reviewId=18c232a7-be73-40d6-90fd-b749ab7d0b68,"2,3 years ago... alot of beautiful dresses here but now so ugly products available why...",,,,,
f6c7c0643761a750a81b30062bfa43ba1fd79cc2,play,myntra,en,https://play.google.com/store/apps/details?id=com.myntra.android&reviewId=8a2c6653-48ec-4cef-9987-be58965873df,the customer service is so so bad...they don't reply and if they do they reply late .,,,,,
2724304a77cf7317e7cd37966df65edd5ec999d4,play,ajio,en,https://play.google.com/store/apps/details?id=com.ril.ajio&reviewId=bfcd4d23-3e2a-4d6f-9d79-c7804b01827a,I expected better customer support and timely refunds.,,,,,
7216596ba95c6db7f8dafd5ca8d100d4f2462c5c,play,ajio,en,https://play.google.com/store/apps/details?id=com.ril.ajio&reviewId=a539cb4f-825b-475b-b8ec-3b90da78db00,"If the product was received without a tag, how is the customer responsible? They offer no proper solution, leaving you with a low-quality product and wasted money.",,,,,
e2188a6455218bf82c7673081ecb9fe5b531a65b,appstore,nykaa_fashion,en,https://apps.apple.com/in/app/id1439872423,no support from customer care,,,,,
7dc628cc32ca61ce7a61cd0b7b4879c3da969250,play,myntra,en,https://play.google.com/store/apps/details?id=com.myntra.android&reviewId=972c6aef-3c39-472c-b243-11f647e37840,I received a Pilgrim Anti-Dandruff product in bad condition and have serious concerns that it may not be genuine.,,,,,
b74d88387377411739b710b8825b75e13217dd74,play,myntra,en,https://play.google.com/store/apps/details?id=com.myntra.android&reviewId=71130d63-ca11-4d24-b757-95b3d784b76f,"Very good, beautiful Saari",,,,,
eb01e8d6278aea85998563fa125e646cc57770a4,play,ajio,en,https://play.google.com/store/apps/details?id=com.ril.ajio&reviewId=174006a6-2fd9-4454-a662-a1324c6c2500,my life experience app,,,,,
