source,brand,temporal_stance,opportunity_area,detectability,n_area,n_cell,proportion,ci_low,ci_high,severity_mean,proximity_weight,oi,gate_reason,ratio,difference,p,n_ajio,n_pool,significant_at_alpha
appstore,ajio,at_purchase,OA-12,strong,24,24,1.0,0.8620237953250198,1.0,2.375,0.3,0.3,,1.0,0.0,,24.0,8.0,False
appstore,myntra,at_purchase,OA-12,strong,5,5,1.0,0.5655175352168252,1.0,2.0,0.3,0.3,,1.0,0.0,,24.0,8.0,False
appstore,nykaa_fashion,at_purchase,OA-12,strong,8,8,1.0,0.6755924351161198,1.0,2.0,0.3,0.3,,1.0,0.0,,24.0,8.0,False
appstore,nykaa_fashion,post_purchase,OA-06,strong,211,845,0.24970414201183433,0.22169667893995523,0.2799770486985616,2.229665071770335,0.5,0.124852,,0.464,-0.1338,0.0,794.0,845.0,True
appstore,nykaa_fashion,post_purchase,OA-11,strong,152,845,0.17988165680473372,0.15545132882708476,0.20720939611957614,2.1184210526315788,0.5,0.089941,,0.5041,-0.0892,0.0,794.0,845.0,True
appstore,ajio,post_purchase,OA-06,strong,92,794,0.11586901763224182,0.09543251777844731,0.14000455652243757,2.21978021978022,0.5,0.057935,,0.464,-0.1338,0.0,794.0,845.0,True
appstore,ajio,post_purchase,OA-04,strong,64,794,0.08060453400503778,0.06362670809860664,0.10162098285940861,2.265625,0.7,0.056423,,1.8408,0.0368,0.00195,794.0,845.0,True
appstore,ajio,post_purchase,OA-11,strong,72,794,0.0906801007556675,0.07262840564836742,0.112673394836182,2.125,0.5,0.04534,,0.5041,-0.0892,0.0,794.0,845.0,True
appstore,ajio,post_purchase,OA-07,strong,83,794,0.10453400503778337,0.08512321740491113,0.12775298367862278,2.63855421686747,0.4,0.041814,,1.6358,0.0406,0.002977,794.0,845.0,True
appstore,nykaa_fashion,post_purchase,OA-04,strong,37,845,0.04378698224852071,0.03193235127871399,0.059770826048227886,2.3783783783783785,0.7,0.030651,,1.8408,0.0368,0.00195,794.0,845.0,True
appstore,nykaa_fashion,post_purchase,OA-07,strong,54,845,0.06390532544378698,0.049307261364119094,0.08245050995878125,2.5555555555555554,0.4,0.025562,,1.6358,0.0406,0.002977,794.0,845.0,True
appstore,myntra,post_purchase,OA-06,strong,26,609,0.042692939244663386,0.02929899350031242,0.06181993785944125,2.4615384615384617,0.5,0.021346,,0.464,-0.1338,0.0,794.0,845.0,True
appstore,ajio,post_purchase,OA-02,strong,16,794,0.020151133501259445,0.012441202378184083,0.032481831420626175,2.875,1.0,0.020151,,2.1285,0.0107,0.071936,794.0,845.0,False
appstore,myntra,post_purchase,OA-11,strong,24,609,0.03940886699507389,0.026623517928946062,0.0579684398678615,2.0,0.5,0.019704,,0.5041,-0.0892,0.0,794.0,845.0,True
appstore,myntra,post_purchase,OA-04,strong,15,609,0.024630541871921183,0.014982257423692925,0.040238319339857116,2.533333333333333,0.7,0.017241,,1.8408,0.0368,0.00195,794.0,845.0,True
appstore,myntra,post_purchase,OA-02,strong,7,609,0.011494252873563218,0.0055787373075858165,0.023533945204179764,3.0,1.0,0.011494,,2.1285,0.0107,0.071936,794.0,845.0,False
appstore,ajio,post_purchase,OA-08,moderate,19,794,0.02392947103274559,0.015372097734803336,0.03707122713645723,2.210526315789474,0.4,0.009572,,1.2638,0.005,0.48454,794.0,845.0,False
appstore,nykaa_fashion,post_purchase,OA-02,strong,8,845,0.009467455621301775,0.004804957905226061,0.018569794369786646,2.625,1.0,0.009467,,2.1285,0.0107,0.071936,794.0,845.0,False
appstore,myntra,post_purchase,OA-07,strong,14,609,0.022988505747126436,0.013742287089602314,0.03821480289247467,2.857142857142857,0.4,0.009195,,1.6358,0.0406,0.002977,794.0,845.0,True
appstore,nykaa_fashion,post_purchase,OA-08,moderate,16,845,0.01893491124260355,0.01168820526800321,0.03053576771098996,2.125,0.4,0.007574,,1.2638,0.005,0.48454,794.0,845.0,False
appstore,nykaa_fashion,post_purchase,OA-01,strong,4,845,0.004733727810650888,0.0018423480141630064,0.012107793908859478,2.5,0.9,0.00426,,0.7982,-0.001,0.766913,794.0,845.0,False
appstore,ajio,post_purchase,OA-12,strong,10,794,0.012594458438287154,0.0068552148438392226,0.023027236810070413,2.4,0.3,0.003778,,3.5474,0.009,0.039128,794.0,845.0,True
appstore,ajio,post_purchase,OA-01,strong,3,794,0.003778337531486146,0.001285789919854386,0.011049315898337853,1.6666666666666667,0.9,0.003401,,0.7982,-0.001,0.766913,794.0,845.0,False
appstore,ajio,post_purchase,OA-03,strong,3,794,0.003778337531486146,0.001285789919854386,0.011049315898337853,1.6666666666666667,0.7,0.002645,,3.1927,0.0026,0.287307,794.0,845.0,False
appstore,myntra,post_purchase,OA-12,strong,3,609,0.0049261083743842365,0.0016767059513896577,0.014382029434483697,2.3333333333333335,0.3,0.001478,,3.5474,0.009,0.039128,794.0,845.0,True
appstore,myntra,post_purchase,OA-03,strong,1,609,0.0016420361247947454,0.0002899185268731442,0.009241843296054094,1.0,0.7,0.001149,,3.1927,0.0026,0.287307,794.0,845.0,False
appstore,nykaa_fashion,post_purchase,OA-12,strong,3,845,0.0035502958579881655,0.0012081397979143626,0.010385849537110563,2.6666666666666665,0.3,0.001065,,3.5474,0.009,0.039128,794.0,845.0,True
appstore,nykaa_fashion,post_purchase,OA-03,strong,1,845,0.001183431952662722,0.00020893535326678772,0.006672748805763024,2.0,0.7,0.000828,,3.1927,0.0026,0.287307,794.0,845.0,False
appstore,myntra,post_purchase,OA-08,moderate,1,609,0.0016420361247947454,0.0002899185268731442,0.009241843296054094,2.0,0.4,0.000657,,1.2638,0.005,0.48454,794.0,845.0,False
appstore,ajio,post_purchase,none,,432,794,0.5440806045340051,0.5093083722981997,0.5784283568803874,2.3398058252427183,,,,1.2806,0.1192,1e-06,794.0,845.0,True
appstore,myntra,post_purchase,none,,518,609,0.8505747126436781,0.8200662570646241,0.8766881707798736,1.8148148148148149,,,,1.2806,0.1192,1e-06,794.0,845.0,True
appstore,nykaa_fashion,post_purchase,none,,359,845,0.42485207100591715,0.39193645029589413,0.4584478603662611,2.3076923076923075,,,,1.2806,0.1192,1e-06,794.0,845.0,True
appstore,ajio,pre_purchase,OA-01,strong,8,49,0.16326530612244897,0.08512698370728838,0.29036338433916836,1.875,0.9,0.146939,,1.3061,0.0383,0.712626,49.0,16.0,False
appstore,nykaa_fashion,pre_purchase,OA-01,strong,2,16,0.125,0.03497748774324044,0.36022827265758695,1.0,0.9,0.1125,,1.3061,0.0383,0.712626,49.0,16.0,False
appstore,myntra,pre_purchase,OA-04,strong,2,16,0.125,0.03497748774324044,0.36022827265758695,2.0,0.7,0.0875,,0.3265,-0.0421,0.397273,49.0,16.0,False
appstore,ajio,pre_purchase,OA-02,strong,4,49,0.08163265306122448,0.03220281766776367,0.1918912759657129,2.5,1.0,0.081633,,,,,,,
appstore,ajio,pre_purchase,OA-12,strong,12,49,0.24489795918367346,0.1460234525833975,0.38086318987603934,2.0,0.3,0.073469,,,,,,,
appstore,myntra,pre_purchase,OA-02,strong,1,16,0.0625,0.011119344764642547,0.28328737570298945,1.0,1.0,0.0625,,,,,,,
appstore,nykaa_fashion,pre_purchase,OA-04,strong,1,16,0.0625,0.011119344764642547,0.28328737570298945,1.0,0.7,0.04375,,0.3265,-0.0421,0.397273,49.0,16.0,False
appstore,myntra,pre_purchase,OA-05,moderate,1,16,0.0625,0.011119344764642547,0.28328737570298945,1.0,0.6,0.0375,,,,,,,
appstore,ajio,pre_purchase,OA-11,strong,3,49,0.061224489795918366,0.02104014667296747,0.16520487835726405,2.0,0.5,0.030612,,,,,,,
appstore,ajio,pre_purchase,OA-03,strong,1,49,0.02040816326530612,0.0036116725898252405,0.10693521523391619,1.0,0.7,0.014286,,,,,,,
appstore,ajio,pre_purchase,OA-04,strong,1,49,0.02040816326530612,0.0036116725898252405,0.10693521523391619,2.0,0.7,0.014286,,0.3265,-0.0421,0.397273,49.0,16.0,False
appstore,ajio,pre_purchase,OA-05,moderate,1,49,0.02040816326530612,0.0036116725898252405,0.10693521523391619,1.0,0.6,0.012245,,,,,,,
appstore,ajio,pre_purchase,OA-06,strong,1,49,0.02040816326530612,0.0036116725898252405,0.10693521523391619,2.0,0.5,0.010204,,,,,,,
appstore,ajio,pre_purchase,OA-07,strong,1,49,0.02040816326530612,0.0036116725898252405,0.10693521523391619,2.0,0.4,0.008163,,,,,,,
appstore,ajio,pre_purchase,none,,17,49,0.3469387755102041,0.22924392834538945,0.4868880571302726,2.8333333333333335,,,,0.5046,-0.3406,0.016916,49.0,16.0,True
appstore,myntra,pre_purchase,none,,12,16,0.75,0.5050168346449122,0.8981793250878696,1.5,,,,0.5046,-0.3406,0.016916,49.0,16.0,True
appstore,nykaa_fashion,pre_purchase,OA-09,weak,1,16,0.0625,0.011119344764642547,0.28328737570298945,1.0,0.9,,not adjudicable from public text,,,,,,
appstore,nykaa_fashion,pre_purchase,OA-10,none,1,16,0.0625,0.011119344764642547,0.28328737570298945,1.0,1.0,,not adjudicable from public text,,,,,,
appstore,nykaa_fashion,pre_purchase,none,,11,16,0.6875,0.4440435583474066,0.8583535614521797,2.75,,,,0.5046,-0.3406,0.016916,49.0,16.0,True
play,ajio,at_purchase,OA-12,strong,138,146,0.9452054794520548,0.8956073281741972,0.971976323394244,2.318840579710145,0.3,0.283562,,1.0025,0.0023,0.956445,146.0,35.0,False
play,myntra,at_purchase,OA-12,strong,33,35,0.9428571428571428,0.8139294257983507,0.9841868381428913,2.34375,0.3,0.282857,,1.0025,0.0023,0.956445,146.0,35.0,False
play,ajio,at_purchase,OA-02,strong,3,146,0.02054794520547945,0.007012381496207379,0.05866676296854843,2.6666666666666665,1.0,0.020548,,,,,,,
play,myntra,at_purchase,OA-11,strong,1,35,0.02857142857142857,0.005061491855444189,0.14533087233613678,3.0,0.5,0.014286,,,,,,,
play,ajio,at_purchase,OA-01,strong,1,146,0.00684931506849315,0.0012100972425709428,0.0377741656354636,3.0,0.9,0.006164,,,,,,,
play,ajio,at_purchase,none,,4,146,0.0273972602739726,0.010704723147473314,0.06832186211064313,1.5,,,,0.9589,-0.0012,0.969635,146.0,35.0,False
play,myntra,at_purchase,none,,1,35,0.02857142857142857,0.005061491855444189,0.14533087233613678,1.0,,,,0.9589,-0.0012,0.969635,146.0,35.0,False
play,urbanic,post_purchase,OA-06,strong,4,11,0.36363636363636365,0.1516647109536757,0.6461988254921511,2.25,0.5,0.181818,,2.2568,0.0565,0.0,5496.0,5757.0,True
play,urbanic,post_purchase,OA-03,strong,1,11,0.09090909090909091,0.016232172885884855,0.3773584364515957,1.0,0.7,0.063636,,1.4964,0.0006,0.409893,5496.0,5757.0,False
play,urbanic,post_purchase,OA-04,strong,1,11,0.09090909090909091,0.016232172885884855,0.3773584364515957,2.0,0.7,0.063636,,2.8476,0.0433,0.0,5496.0,5757.0,True
play,ajio,post_purchase,OA-11,strong,652,5496,0.11863173216885008,0.110348166328254,0.1274480444558162,2.2077519379844963,0.5,0.059316,,1.729,0.05,0.0,5496.0,5757.0,True
play,ajio,post_purchase,OA-06,strong,558,5496,0.10152838427947598,0.09381972057135272,0.10979368668872062,2.44165170556553,0.5,0.050764,,2.2568,0.0565,0.0,5496.0,5757.0,True
play,ajio,post_purchase,OA-04,strong,367,5496,0.06677583697234352,0.060474050992776,0.07368280868130375,2.296398891966759,0.7,0.046743,,2.8476,0.0433,0.0,5496.0,5757.0,True
play,urbanic,post_purchase,OA-11,strong,1,11,0.09090909090909091,0.016232172885884855,0.3773584364515957,2.0,0.5,0.045455,,1.729,0.05,0.0,5496.0,5757.0,True
play,ajio,post_purchase,OA-07,strong,480,5496,0.08733624454148471,0.08015741984093325,0.09509153343114271,2.6770833333333335,0.4,0.034934,,3.1037,0.0592,0.0,5496.0,5757.0,True
play,myntra,post_purchase,OA-11,strong,395,5757,0.06861212437033178,0.06236558823424089,0.07543397880734233,2.1949367088607596,0.5,0.034306,,1.729,0.05,0.0,5496.0,5757.0,True
play,myntra,post_purchase,OA-06,strong,259,5757,0.044988709397255515,0.03993097342282359,0.05065326892282858,2.40625,0.5,0.022494,,2.2568,0.0565,0.0,5496.0,5757.0,True
play,ajio,post_purchase,OA-02,strong,111,5496,0.02019650655021834,0.01679880575467925,0.024264461343409108,2.7927927927927927,1.0,0.020197,,2.0763,0.0105,4e-06,5496.0,5757.0,True
play,myntra,post_purchase,OA-04,strong,135,5757,0.02344971339239187,0.019846888515321754,0.02768808719580507,2.300751879699248,0.7,0.016415,,2.8476,0.0433,0.0,5496.0,5757.0,True
play,myntra,post_purchase,OA-07,strong,162,5757,0.028139656070870246,0.0241723477481155,0.03273625860117411,2.753086419753086,0.4,0.011256,,3.1037,0.0592,0.0,5496.0,5757.0,True
play,myntra,post_purchase,OA-02,strong,56,5757,0.009727288518325517,0.007498795612819924,0.012609631194052855,2.857142857142857,1.0,0.009727,,2.0763,0.0105,4e-06,5496.0,5757.0,True
play,ajio,post_purchase,OA-08,moderate,77,5496,0.01401018922852984,0.01122493181767894,0.017474342516410564,2.3766233766233764,0.4,0.005604,,2.0681,0.0072,0.000145,5496.0,5757.0,True
play,ajio,post_purchase,OA-12,strong,61,5496,0.011098981077147015,0.008650687982148676,0.014230236815941363,2.262295081967213,0.3,0.00333,,2.1299,0.0059,0.00049,5496.0,5757.0,True
play,myntra,post_purchase,OA-08,moderate,39,5757,0.006774361646690985,0.004959691675063065,0.009246819544818338,2.3333333333333335,0.4,0.00271,,2.0681,0.0072,0.000145,5496.0,5757.0,True
play,ajio,post_purchase,OA-01,strong,16,5496,0.002911208151382824,0.0017927986723183333,0.004724018055773216,2.0,0.9,0.00262,,1.5236,0.001,0.278204,5496.0,5757.0,False
play,myntra,post_purchase,OA-01,strong,11,5757,0.0019107173875282265,0.0010672738273637668,0.003418435249237719,2.6666666666666665,0.9,0.00172,,1.5236,0.001,0.278204,5496.0,5757.0,False
play,myntra,post_purchase,OA-12,strong,30,5757,0.005211047420531527,0.003652705722440852,0.007429261951386291,2.3214285714285716,0.3,0.001563,,2.1299,0.0059,0.00049,5496.0,5757.0,True
play,ajio,post_purchase,OA-03,strong,10,5496,0.001819505094614265,0.000988641998259051,0.0033462936538326982,1.9,0.7,0.001274,,1.4964,0.0006,0.409893,5496.0,5757.0,False
play,myntra,post_purchase,OA-03,strong,7,5757,0.0012159110647906896,0.0005891189640068678,0.0025079040921260577,1.2857142857142858,0.7,0.000851,,1.4964,0.0006,0.409893,5496.0,5757.0,False
play,ajio,post_purchase,OA-05,moderate,5,5496,0.0009097525473071324,0.00038865254454324347,0.002128048877548674,1.6,0.6,0.000546,,2.6187,0.0006,0.231715,5496.0,5757.0,False
play,myntra,post_purchase,OA-05,moderate,2,5757,0.0003474031613687685,9.527564762286226e-05,0.0012658898829243643,1.0,0.6,0.000208,,2.6187,0.0006,0.231715,5496.0,5757.0,False
play,ajio,post_purchase,OA-10,none,15,5496,0.0027292576419213972,0.0016547092787867561,0.0044984606033048255,1.0909090909090908,1.0,,not adjudicable from public text,,,0.000323,5496.0,5757.0,
play,ajio,post_purchase,none,,3144,5496,0.5720524017467249,0.5589256385169074,0.5850785124990793,2.2907180385288965,,,,0.7067,-0.2374,0.0,5496.0,5757.0,True
play,myntra,post_purchase,OA-10,none,1,5757,0.00017370158068438424,3.066325231350966e-05,0.000983330773116577,,1.0,,not adjudicable from public text,,,0.000323,5496.0,5757.0,
play,myntra,post_purchase,none,,4660,5757,0.8094493659892305,0.7990993496301178,0.8193866867360668,2.401315789473684,,,,0.7067,-0.2374,0.0,5496.0,5757.0,True
play,urbanic,post_purchase,none,,4,11,0.36363636363636365,0.1516647109536757,0.6461988254921511,1.0,,,,0.7067,-0.2374,0.0,5496.0,5757.0,True
play,urbanic,pre_purchase,OA-04,strong,1,2,0.5,0.09453120573423068,0.9054687942657693,1.0,0.7,0.35,,2.3634,0.0808,0.013145,357.0,135.0,True
play,myntra,pre_purchase,OA-01,strong,20,135,0.14814814814814814,0.09799599310880738,0.2177703434961176,1.6,0.9,0.133333,,0.8887,-0.0165,0.634067,357.0,135.0,False
play,ajio,pre_purchase,OA-01,strong,47,357,0.13165266106442577,0.10046830656514989,0.1706797459354154,1.6956521739130435,0.9,0.118487,,0.8887,-0.0165,0.634067,357.0,135.0,False
play,ajio,pre_purchase,OA-04,strong,50,357,0.1400560224089636,0.10787582512222307,0.17990002846197953,1.5,0.7,0.098039,,2.3634,0.0808,0.013145,357.0,135.0,True
play,ajio,pre_purchase,OA-02,strong,34,357,0.09523809523809523,0.0689547072099161,0.13013954059488758,2.1515151515151514,1.0,0.095238,,2.1429,0.0508,0.065845,357.0,135.0,False
play,ajio,pre_purchase,OA-12,strong,81,357,0.226890756302521,0.18648710561571458,0.27310935916607343,2.049382716049383,0.3,0.068067,,1.7017,0.0936,0.020907,357.0,135.0,True
play,myntra,pre_purchase,OA-02,strong,6,135,0.044444444444444446,0.020526108939506814,0.09357135845423811,2.0,1.0,0.044444,,2.1429,0.0508,0.065845,357.0,135.0,False
play,myntra,pre_purchase,OA-04,strong,8,135,0.05925925925925926,0.030330360942061367,0.11257694491042358,1.625,0.7,0.041481,,2.3634,0.0808,0.013145,357.0,135.0,True
play,myntra,pre_purchase,OA-12,strong,18,135,0.13333333333333333,0.08603170973575416,0.2009247884104308,2.125,0.3,0.04,,1.7017,0.0936,0.020907,357.0,135.0,True
play,ajio,pre_purchase,OA-11,strong,23,357,0.06442577030812324,0.04331052208677464,0.09481512174469228,1.2173913043478262,0.5,0.032213,,1.7395,0.0274,0.241967,357.0,135.0,False
play,myntra,pre_purchase,OA-11,strong,5,135,0.037037037037037035,0.015921913773667362,0.08377063439070756,2.2,0.5,0.018519,,1.7395,0.0274,0.241967,357.0,135.0,False
play,myntra,pre_purchase,OA-03,strong,3,135,0.022222222222222223,0.007585912664781844,0.06329679704085307,1.3333333333333333,0.7,0.015556,,0.5042,-0.011,0.357165,357.0,135.0,False
play,ajio,pre_purchase,OA-05,moderate,6,357,0.01680672268907563,0.007724854510027452,0.036176583180828115,1.3333333333333333,0.6,0.010084,,1.1345,0.002,0.876129,357.0,135.0,False
play,myntra,pre_purchase,OA-05,moderate,2,135,0.014814814814814815,0.004072203419334869,0.052405587056930054,1.0,0.6,0.008889,,1.1345,0.002,0.876129,357.0,135.0,False
play,ajio,pre_purchase,OA-03,strong,4,357,0.011204481792717087,0.00436559289657279,0.028450644071857913,1.25,0.7,0.007843,,0.5042,-0.011,0.357165,357.0,135.0,False
play,ajio,pre_purchase,OA-07,strong,4,357,0.011204481792717087,0.00436559289657279,0.028450644071857913,3.0,0.4,0.004482,,,,,,,
play,myntra,pre_purchase,OA-06,strong,1,135,0.007407407407407408,0.0013087882462745025,0.04076408300062041,1.0,0.5,0.003704,,0.7563,-0.0018,0.818479,357.0,135.0,False
play,ajio,pre_purchase,OA-06,strong,2,357,0.0056022408963585435,0.0015376833439371494,0.02019335290206869,3.0,0.5,0.002801,,0.7563,-0.0018,0.818479,357.0,135.0,False
play,ajio,pre_purchase,OA-09,weak,5,357,0.014005602240896359,0.00599679903813009,0.032362038291513046,1.8,0.9,,not adjudicable from public text,,,0.520226,357.0,135.0,
play,ajio,pre_purchase,OA-10,none,2,357,0.0056022408963585435,0.0015376833439371494,0.02019335290206869,1.5,1.0,,not adjudicable from public text,,,0.818479,357.0,135.0,
play,ajio,pre_purchase,none,,99,357,0.2773109243697479,0.23343071509885988,0.32593255618475186,1.8478260869565217,,,,0.5505,-0.2264,2e-06,357.0,135.0,True
play,myntra,pre_purchase,OA-09,weak,3,135,0.022222222222222223,0.007585912664781844,0.06329679704085307,1.0,0.9,,not adjudicable from public text,,,0.520226,357.0,135.0,
play,myntra,pre_purchase,OA-10,none,1,135,0.007407407407407408,0.0013087882462745025,0.04076408300062041,3.0,1.0,,not adjudicable from public text,,,0.818479,357.0,135.0,
play,myntra,pre_purchase,none,,68,135,0.5037037037037037,0.42043501688207346,0.5867674427326115,2.857142857142857,,,,0.5505,-0.2264,2e-06,357.0,135.0,True
play,urbanic,pre_purchase,none,,1,2,0.5,0.09453120573423068,0.9054687942657693,,,,,0.5505,-0.2264,2e-06,357.0,135.0,True
